t,x,y,yaw
0,-2.1197,0.7924,-2.0373
0.068,-2.1218,0.7747,-2.0212
0.136,-2.0943,0.8012,-2.0044
0.204,-2.0636,0.858,-1.9848
0.272,-2.0343,0.9191,-1.9601
0.341,-2.008,0.9842,-1.9299
0.409,-1.9868,1.0438,-1.8959
0.478,-1.9697,1.0981,-1.8571
0.547,-1.9567,1.1458,-1.8142
0.615,-1.9474,1.1873,-1.768
0.683,-1.9413,1.2227,-1.718
0.751,-1.9376,1.2532,-1.6644
0.819,-1.936,1.2782,-1.6074
0.887,-1.9358,1.298,-1.5472
0.972,-1.937,1.3162,-1.4675
1.042,-1.9383,1.3259,-1.3987
1.11,-1.9395,1.3317,-1.3347
1.179,-1.9402,1.3341,-1.2742
1.247,-1.9401,1.3339,-1.2189
1.315,-1.9391,1.3314,-1.1687
1.383,-1.937,1.3269,-1.1223
1.451,-1.9338,1.3206,-1.0804
1.519,-1.9441,1.3018,-1.0395
1.587,-1.9575,1.2808,-0.9982
1.655,-1.9709,1.2599,-0.9569
1.723,-1.9837,1.2399,-0.9156
1.791,-1.9785,1.2311,-0.8743
1.859,-1.9831,1.2357,-0.8348
1.927,-1.993,1.2461,-0.7961
1.995,-2.0033,1.2564,-0.7576
2.063,-1.9922,1.246,-0.7221
2.131,-1.9781,1.2339,-0.687
2.199,-1.9749,1.2327,-0.653
2.267,-1.9914,1.2449,-0.6213
2.335,-2.0072,1.2557,-0.5898
2.403,-1.9992,1.2486,-0.5611
2.471,-1.9863,1.2407,-0.5326
2.539,-1.9856,1.2427,-0.5053
2.607,-2.0057,1.2535,-0.4803
2.675,-2.0238,1.2618,-0.4556
2.743,-2.016,1.2563,-0.4336
2.811,-2.0054,1.2515,-0.4117
2.879,-2.0104,1.2562,-0.3913
2.947,-2.0331,1.2653,-0.3728
3.015,-2.0509,1.2702,-0.3549
3.083,-2.0427,1.2666,-0.3395
3.151,-2.0339,1.2635,-0.3241
3.219,-2.0462,1.27,-0.3107
3.287,-2.0698,1.2774,-0.2986
3.355,-2.0828,1.2791,-0.2873
3.423,-2.074,1.2765,-0.2781
3.492,-2.0748,1.2659,-0.268
3.56,-2.0892,1.2453,-0.2569
3.628,-2.104,1.2253,-0.2459
3.696,-2.1281,1.2269,-0.2361
3.764,-2.1513,1.2324,-0.2261
3.849,-2.1605,1.2326,-0.2156
3.917,-2.1512,1.2306,-0.2088
3.985,-2.143,1.2289,-0.202
4.054,-2.1456,1.2311,-0.1962
4.122,-2.1694,1.2357,-0.1925
4.19,-2.1917,1.2401,-0.1886
4.258,-2.208,1.2418,-0.1851
4.326,-2.1988,1.2399,-0.1842
4.412,-2.1878,1.2364,-0.1831
4.48,-2.1991,1.2173,-0.1807
4.548,-2.2141,1.2001,-0.1783
4.616,-2.2345,1.203,-0.1767
4.684,-2.254,1.2065,-0.1749
4.752,-2.252,1.2047,-0.1751
4.82,-2.2402,1.2026,-0.1763
4.888,-2.2304,1.2015,-0.1776
4.956,-2.2456,1.205,-0.1814
5.024,-2.2635,1.2083,-0.1854
5.092,-2.2728,1.2086,-0.1901
5.16,-2.2594,1.206,-0.197
5.228,-2.2463,1.2033,-0.2039
5.296,-2.25,1.2056,-0.2125
5.381,-2.2686,1.2097,-0.2247
5.45,-2.2749,1.2096,-0.2349
5.518,-2.259,1.2057,-0.2475
5.586,-2.2576,1.1914,-0.2588
5.671,-2.2716,1.1668,-0.2721
5.74,-2.2826,1.1497,-0.2829
5.808,-2.2906,1.1507,-0.2939
5.893,-2.27,1.1434,-0.3105
5.961,-2.2721,1.1459,-0.3263
6.029,-2.2648,1.1415,-0.344
6.097,-2.2488,1.1371,-0.3634
6.165,-2.2532,1.1388,-0.385
6.233,-2.2365,1.1303,-0.4087
6.302,-2.2268,1.1277,-0.4345
6.371,-2.224,1.1248,-0.4619
6.455,-2.1994,1.1132,-0.4987
6.523,-2.1985,1.1128,-0.5305
6.591,-2.1781,1.0991,-0.5641
6.659,-2.1667,1.0929,-0.5996
6.727,-2.1548,1.0834,-0.637
6.795,-2.1339,1.0681,-0.676
6.88,-2.1207,1.0564,-0.728
6.948,-2.099,1.0365,-0.7716
7.016,-2.0892,1.0266,-0.8174
7.084,-2.0719,1.0026,-0.8647
7.152,-2.0819,0.9811,-0.9105
7.22,-2.0931,0.9596,-0.9563
7.288,-2.1009,0.9382,-1.0022
7.356,-2.0864,0.9101,-1.0517
7.424,-2.0654,0.8736,-1.1065
7.492,-2.0457,0.8315,-1.1663
7.56,-2.0285,0.7874,-1.2307
7.629,-2.014,0.7416,-1.2994
7.697,-2.0026,0.694,-1.3725
7.781,-1.9931,0.6321,-1.4697
7.849,-1.99,0.5808,-1.552
7.919,-1.9913,0.5283,-1.6393
7.986,-1.9968,0.4784,-1.7291
8.054,-2.0065,0.4312,-1.823
8.122,-2.02,0.3872,-1.9163
8.19,-2.0366,0.3463,-2.0048
8.258,-2.0551,0.3092,-2.0881
8.326,-2.0747,0.276,-2.1661
8.411,-2.0939,0.2489,-2.2584
8.479,-2.1078,0.2322,-2.3319
8.547,-2.1325,0.2072,-2.404
8.615,-2.1545,0.1867,-2.471
8.683,-2.1718,0.1722,-2.5329
8.751,-2.1887,0.1586,-2.5896
8.819,-2.2013,0.1494,-2.6414
8.889,-2.2097,0.1444,-2.688
8.973,-2.2148,0.1421,-2.7398
9.041,-2.2168,0.1413,-2.7752
9.109,-2.2175,0.141,-2.806
9.177,-2.2169,0.1412,-2.832
9.245,-2.2154,0.1417,-2.8534
9.314,-2.2131,0.1423,-2.8702
9.381,-2.2105,0.143,-2.8824
9.449,-2.2076,0.1438,-2.8902
9.518,-2.2047,0.1445,-2.8936
9.586,-2.2021,0.1452,-2.8925
9.654,-2.2001,0.1457,-2.8871
9.722,-2.1995,0.1453,-2.8774
9.79,-2.2073,0.1273,-2.8673
9.859,-2.2156,0.1077,-2.8573
9.927,-2.2361,0.1019,-2.8459
9.996,-2.2357,0.1023,-2.8319
10.066,-2.2521,0.0951,-2.816
10.136,-2.272,0.09,-2.7982
10.204,-2.2714,0.0902,-2.7787
10.273,-2.2913,0.0805,-2.7569
10.341,-2.3067,0.0759,-2.734
10.41,-2.3083,0.0747,-2.7092
10.478,-2.3313,0.0625,-2.6824
10.547,-2.3441,0.0576,-2.6536
10.615,-2.3492,0.0537,-2.6239
10.684,-2.3744,0.0383,-2.5919
10.751,-2.3849,0.0187,-2.5607
10.819,-2.3899,0.0145,-2.5287
10.887,-2.3978,-0.0028,-2.4975
10.956,-2.4219,-0.0237,-2.4647
11.025,-2.439,-0.0372,-2.431
11.109,-2.4497,-0.047,-2.3872
11.177,-2.4749,-0.0717,-2.3499
11.245,-2.4915,-0.0891,-2.3114
11.313,-2.5,-0.0987,-2.272
11.381,-2.5222,-0.1255,-2.2304
11.449,-2.5392,-0.1491,-2.1876
11.517,-2.5474,-0.1637,-2.1438
11.585,-2.5594,-0.1884,-2.0995
11.653,-2.5723,-0.2156,-2.0539
11.721,-2.5821,-0.2366,-2.0068
11.789,-2.595,-0.2633,-1.9582
11.857,-2.6066,-0.2965,-1.907
11.925,-2.6181,-0.3292,-1.8537
11.993,-2.6257,-0.3598,-1.7978
12.061,-2.6332,-0.3979,-1.7388
12.13,-2.6386,-0.4348,-1.6757
12.215,-2.6418,-0.4777,-1.5922
12.283,-2.6416,-0.5098,-1.5211
12.351,-2.6457,-0.5296,-1.4482
12.419,-2.639,-0.5685,-1.3745
12.487,-2.628,-0.6138,-1.2981
12.555,-2.614,-0.6584,-1.2198
12.623,-2.6011,-0.7,-1.1411
12.691,-2.5797,-0.7437,-1.0628
12.759,-2.5542,-0.7858,-0.9847
12.827,-2.5282,-0.8231,-0.9077
12.896,-2.4954,-0.8625,-0.8324
12.964,-2.4653,-0.8947,-0.7621
13.033,-2.4364,-0.9254,-0.6967
13.102,-2.4091,-0.9545,-0.6357
13.186,-2.378,-0.9879,-0.5677
13.255,-2.3545,-1.0134,-0.5184
13.323,-2.333,-1.037,-0.475
13.391,-2.3127,-1.0595,-0.4365
13.459,-2.2936,-1.0817,-0.4028
13.527,-2.2754,-1.102,-0.373
13.595,-2.2583,-1.1205,-0.3468
13.663,-2.2423,-1.1373,-0.3244
13.731,-2.2268,-1.1528,-0.3056
13.799,-2.2116,-1.1672,-0.2903
13.867,-2.1967,-1.1807,-0.2786
13.935,-2.1817,-1.1937,-0.2704
14.003,-2.1668,-1.2061,-0.2656
14.071,-2.1518,-1.2183,-0.2643
14.139,-2.1364,-1.2305,-0.2663
14.207,-2.1207,-1.2428,-0.2718
14.276,-2.1042,-1.2556,-0.2808
14.344,-2.0874,-1.2688,-0.2931
14.429,-2.0654,-1.2862,-0.3132
14.497,-2.0469,-1.3012,-0.3331
14.565,-2.0275,-1.3173,-0.3563
14.633,-2.0073,-1.3347,-0.383
14.701,-1.9861,-1.3537,-0.413
14.77,-1.964,-1.3739,-0.4471
14.837,-1.9408,-1.3946,-0.4859
14.905,-1.9168,-1.416,-0.5293
14.973,-1.8919,-1.438,-0.5774
15.042,-1.8649,-1.4609,-0.631
15.11,-1.8368,-1.484,-0.6886
15.179,-1.8073,-1.5098,-0.7519
15.248,-1.7774,-1.5394,-0.8189
15.316,-1.7473,-1.5733,-0.8905
15.4,-1.7137,-1.6189,-0.9795
15.468,-1.691,-1.6553,-1.0462
15.537,-1.6716,-1.6912,-1.1089
15.604,-1.6559,-1.7254,-1.1675
15.672,-1.643,-1.7582,-1.2219
15.74,-1.6329,-1.7883,-1.2722
15.808,-1.6251,-1.8159,-1.3182
15.876,-1.6191,-1.8407,-1.3605
15.944,-1.6146,-1.8631,-1.3988
16.012,-1.6113,-1.8838,-1.433
16.114,-1.6077,-1.9114,-1.4771
16.182,-1.6049,-1.9305,-1.5019
16.25,-1.6033,-1.9502,-1.5232
16.318,-1.6025,-1.9699,-1.541
16.386,-1.602,-1.9891,-1.5553
16.454,-1.6018,-2.008,-1.5661
16.522,-1.6018,-2.0266,-1.5737
16.591,-1.6018,-2.0448,-1.5779
16.658,-1.6019,-2.0628,-1.5789
16.726,-1.6019,-2.0807,-1.5767
16.794,-1.6019,-2.0988,-1.5712
16.862,-1.6018,-2.1174,-1.5626
16.93,-1.6014,-2.1363,-1.5508
16.999,-1.6005,-2.1552,-1.5356
17.067,-1.599,-2.1735,-1.5174
17.135,-1.5969,-2.1915,-1.4959
17.203,-1.594,-2.2091,-1.4711
17.271,-1.5903,-2.2263,-1.443
17.339,-1.5855,-2.2431,-1.4113
17.424,-1.5789,-2.2635,-1.3666
17.492,-1.5737,-2.2794,-1.3264
17.577,-1.5671,-2.2985,-1.2707
17.645,-1.5619,-2.3135,-1.2216
17.713,-1.5554,-2.3297,-1.1689
17.781,-1.5471,-2.3479,-1.1126
17.849,-1.5366,-2.3676,-1.0526
17.917,-1.5236,-2.3888,-0.9889
17.985,-1.5078,-2.4112,-0.9216
18.053,-1.489,-2.4342,-0.8505
18.121,-1.4668,-2.4577,-0.7758
18.19,-1.4407,-2.4813,-0.6961
18.258,-1.4114,-2.5038,-0.6139
18.326,-1.3773,-2.5256,-0.5283
18.394,-1.3378,-2.5464,-0.4393
18.462,-1.2925,-2.5652,-0.3472
18.53,-1.2447,-2.5806,-0.2545
18.598,-1.1977,-2.5922,-0.1653
18.666,-1.1528,-2.5994,-0.0792
18.734,-1.1101,-2.6016,0.0037
18.802,-1.0706,-2.6,0.0835
18.87,-1.0331,-2.5958,0.1599
18.938,-0.9981,-2.5899,0.2325
19.006,-0.9649,-2.5831,0.3013
19.074,-0.9333,-2.5758,0.3658
19.144,-0.9026,-2.5681,0.4269
19.211,-0.874,-2.5604,0.4825
19.279,-0.8467,-2.5532,0.5335
19.347,-0.8203,-2.5462,0.5797
19.415,-0.7947,-2.54,0.6211
19.483,-0.7701,-2.5348,0.6575
19.551,-0.7462,-2.5304,0.689
19.619,-0.7232,-2.527,0.7155
19.687,-0.701,-2.5244,0.7369
19.755,-0.6795,-2.5226,0.7533
19.823,-0.6588,-2.5214,0.7647
19.891,-0.6389,-2.5204,0.7711
19.959,-0.6198,-2.5193,0.7726
20.027,-0.6016,-2.518,0.769
20.095,-0.5844,-2.5163,0.7607
20.163,-0.5669,-2.514,0.7475
20.231,-0.549,-2.511,0.7297
20.299,-0.5304,-2.5072,0.7071
20.368,-0.5114,-2.5025,0.68
20.436,-0.4916,-2.4969,0.6477
20.505,-0.4716,-2.4905,0.6114
20.572,-0.4512,-2.4833,0.5706
20.64,-0.4303,-2.4755,0.5253
20.708,-0.4092,-2.4671,0.4758
20.776,-0.3877,-2.4585,0.4219
20.845,-0.3655,-2.4497,0.363
20.913,-0.3419,-2.4413,0.3011
20.981,-0.3152,-2.4337,0.2358
21.049,-0.2856,-2.4273,0.1671
21.12,-0.2523,-2.4216,0.093
21.188,-0.2165,-2.4186,0.0182
21.272,-0.1665,-2.4206,-0.0789
21.34,-0.1216,-2.4266,-0.1596
21.408,-0.0741,-2.4364,-0.2422
21.477,-0.0282,-2.4497,-0.3234
21.545,0.0128,-2.4652,-0.4001
21.613,0.0499,-2.4823,-0.4733
21.681,0.0821,-2.5002,-0.5426
21.749,0.1099,-2.518,-0.6077
21.817,0.1331,-2.5349,-0.6683
21.885,0.154,-2.5501,-0.7243
21.954,0.1723,-2.5646,-0.7759
22.022,0.1893,-2.5783,-0.8237
22.09,0.2035,-2.5907,-0.8662
22.175,0.2202,-2.6045,-0.9132
22.244,0.2312,-2.6138,-0.9457
22.328,0.243,-2.624,-0.9793
22.397,0.2528,-2.6314,-1.0011
22.465,0.263,-2.6377,-1.0178
22.533,0.2727,-2.6426,-1.0296
22.619,0.2835,-2.6476,-1.0374
22.686,0.2921,-2.6515,-1.0381
22.754,0.3014,-2.6561,-1.0342
22.822,0.3116,-2.6612,-1.0255
22.89,0.3229,-2.666,-1.0121
22.959,0.3357,-2.6703,-0.9938
23.027,0.3498,-2.6748,-0.9719
23.095,0.3654,-2.6799,-0.9465
23.164,0.383,-2.686,-0.9171
23.232,0.4021,-2.6927,-0.8847
23.3,0.4225,-2.7,-0.8493
23.368,0.4433,-2.7083,-0.8096
23.436,0.4639,-2.7173,-0.7663
23.505,0.4847,-2.7272,-0.7186
23.574,0.5049,-2.7375,-0.6678
23.642,0.5252,-2.7486,-0.6124
23.71,0.5449,-2.7598,-0.5541
23.779,0.5648,-2.7711,-0.4922
23.846,0.5873,-2.7822,-0.427
23.914,0.6125,-2.7927,-0.3587
23.982,0.641,-2.8022,-0.2875
24.05,0.6723,-2.8102,-0.2135
24.119,0.7063,-2.8166,-0.1366
24.186,0.7431,-2.8217,-0.0563
24.254,0.782,-2.8226,0.0273
24.339,0.8353,-2.8182,0.1363
24.443,0.9073,-2.8031,0.2756
24.511,0.9568,-2.7866,0.3709
24.578,1.0035,-2.766,0.4631
24.646,1.0473,-2.7426,0.5511
24.715,1.0876,-2.717,0.6347
24.801,1.1349,-2.6836,0.7337
24.886,1.1782,-2.6497,0.8248
24.972,1.2175,-2.6178,0.9071
25.039,1.247,-2.5936,0.9672
25.107,1.2749,-2.571,1.0221
25.176,1.301,-2.5502,1.072
25.245,1.3262,-2.5296,1.1175
25.313,1.3489,-2.5111,1.1557
25.381,1.3706,-2.4926,1.1918
25.449,1.3899,-2.4749,1.2241
25.534,1.4112,-2.454,1.2593
25.602,1.4262,-2.4382,1.2834
25.687,1.4428,-2.4196,1.3082
25.755,1.455,-2.4051,1.3243
25.823,1.4662,-2.391,1.3368
25.893,1.4766,-2.3772,1.3459
25.96,1.4867,-2.3634,1.3517
26.029,1.4966,-2.3495,1.354
26.113,1.5082,-2.3326,1.3525
26.181,1.5173,-2.3191,1.3481
26.266,1.53,-2.3001,1.3376
26.334,1.5406,-2.2844,1.3257
26.402,1.5522,-2.2675,1.3101
26.471,1.5641,-2.2505,1.292
26.539,1.5774,-2.232,1.2702
26.608,1.5922,-2.2121,1.2447
26.676,1.6083,-2.1915,1.2161
26.744,1.6262,-2.1696,1.1843
26.812,1.6459,-2.1467,1.1491
26.88,1.6667,-2.1226,1.1097
26.948,1.6882,-2.0973,1.0657
27.016,1.7103,-2.0709,1.0171
27.101,1.7387,-2.0367,0.9496
27.169,1.762,-2.0084,0.8903
27.237,1.7875,-1.9788,0.8264
27.305,1.8176,-1.9479,0.7579
27.374,1.8532,-1.9162,0.6838
27.442,1.8933,-1.8857,0.6071
27.51,1.9344,-1.8593,0.533
27.577,1.9751,-1.8372,0.4628
27.646,2.0148,-1.819,0.3958
27.715,2.0522,-1.8048,0.3339
27.783,2.0866,-1.794,0.2763
27.85,2.1176,-1.7861,0.2228
27.919,2.1452,-1.7805,0.1734
27.987,2.1698,-1.7764,0.1276
28.054,2.193,-1.7736,0.0855
28.123,2.2141,-1.7718,0.0471
28.19,2.2338,-1.7707,0.0122
28.259,2.2507,-1.7707,-0.0196
28.326,2.2666,-1.7701,-0.0476
28.395,2.2822,-1.7702,-0.0734
28.463,2.2927,-1.7711,-0.0951
28.531,2.3016,-1.7721,-0.1127
28.6,2.3138,-1.7706,-0.1268
28.668,2.3283,-1.7707,-0.1397
28.74,2.3362,-1.7723,-0.1483
28.808,2.3406,-1.773,-0.1525
28.876,2.3443,-1.7735,-0.1525
28.944,2.3469,-1.7739,-0.1483
29.012,2.3508,-1.7728,-0.1402
29.08,2.3723,-1.7697,-0.1312
29.148,2.379,-1.7706,-0.1193
29.216,2.3808,-1.7711,-0.1033
29.284,2.3785,-1.7705,-0.083
29.353,2.3746,-1.7702,-0.0582
29.421,2.3735,-1.7702,-0.03
29.489,2.3746,-1.7702,0.0016
29.558,2.3773,-1.7701,0.0374
29.626,2.3856,-1.767,0.0756
29.711,2.4117,-1.7581,0.1238
29.779,2.4176,-1.758,0.164
29.847,2.4318,-1.7554,0.2071
29.915,2.4334,-1.754,0.2531
29.983,2.4437,-1.7523,0.302
30.068,2.4954,-1.6718,-2.1389
30.136,2.5234,-1.6421,-1.9918
30.204,2.5461,-1.5859,-1.8496
30.272,2.5562,-1.5366,-1.708
30.34,2.5567,-1.5233,-1.5657
30.408,2.5513,-1.4962,-1.4247
30.476,2.5363,-1.4309,-1.2838
30.561,2.5041,-1.3499,-1.1058
30.629,2.4689,-1.2904,-0.9624
30.698,2.4252,-1.236,-0.8178
30.765,2.3894,-1.2018,-0.6731
30.833,2.3655,-1.1853,-0.5273
30.901,2.3548,-1.1803,-0.3799
30.969,2.3527,-1.1796,-0.2299
31.038,2.3588,-1.1805,-0.0774
31.106,2.372,-1.1745,0.0788
31.174,2.385,-1.1584,0.2322
31.242,2.3962,-1.1428,0.3856
31.31,2.4057,-1.1278,0.539
31.378,2.4138,-1.1137,0.6923
31.463,2.432,-1.0933,0.8812
31.548,2.441,-1.0808,1.0681
31.616,2.4557,-1.0515,1.2148
31.684,2.4528,-1.0462,1.3581
31.753,2.4524,-1.0601,1.5005
31.821,2.4529,-1.0377,1.6376
31.906,2.4509,-1.0207,1.805
31.975,2.4373,-0.9937,1.9384
32.044,2.4315,-0.9636,2.0665
32.111,2.4276,-0.9546,2.19
32.179,2.4289,-0.9495,2.3091
32.247,2.4284,-0.9465,2.4231
32.315,2.4381,-0.9563,2.5315
32.383,2.4538,-0.971,2.6348
32.451,2.4641,-0.9782,2.734
32.519,2.4937,-0.9912,2.8287
32.588,2.5153,-1.0001,2.9218
32.656,2.5578,-1.0066,3.0092
32.724,2.583,-1.0096,3.0939
32.792,2.6352,-1.0103,3.1744
32.86,2.6578,-1.0083,3.2511
32.928,2.6934,-1.0045,3.3236
33.013,2.7141,-1.0001,3.4088
33.081,2.7236,-0.9978,3.4719
33.149,2.7283,-0.9989,3.5299
33.217,2.7263,-1.003,3.5828
33.285,2.7188,-1.007,3.6307
33.355,2.7129,-1.0102,3.6748
33.422,2.7085,-1.0129,3.7136
33.491,2.7052,-1.015,3.7478
33.558,2.7031,-1.0165,3.7772
33.627,2.7017,-1.0174,3.8022
33.695,2.7008,-1.0181,3.822
33.78,2.7001,-1.0187,3.8398
33.848,2.6997,-1.019,3.8485
33.916,2.6996,-1.0191,3.8521
33.985,2.6997,-1.0191,3.8506
34.069,2.7002,-1.0186,3.8415
34.137,2.701,-1.018,3.8284
34.205,2.7117,-1.0137,3.8118
34.273,2.7252,-1.0089,3.7951
34.359,2.7423,-1.0029,3.774
34.427,2.7559,-0.9981,3.7573
34.496,2.7694,-0.9933,3.7403
34.564,2.7721,-0.9923,3.7244
34.632,2.7549,-1.0043,3.7064
34.717,2.7471,-1.0074,3.6829
34.785,2.7584,-1.001,3.662
34.853,2.7481,-1.008,3.6393
34.921,2.7418,-1.0097,3.6158
34.989,2.7559,-1.0027,3.5902
35.057,2.7492,-1.0074,3.5626
35.125,2.7451,-1.0075,3.5339
35.193,2.7576,-1.0038,3.503
35.261,2.7466,-1.0084,3.4704
35.329,2.7506,-1.0056,3.4359
35.397,2.7509,-1.0069,3.3991
35.465,2.744,-1.0074,3.3608
35.534,2.7495,-1.0074,3.3197
35.601,2.7408,-1.008,3.2764
35.669,2.7411,-1.0086,3.2303
35.737,2.7378,-1.0087,3.1817
35.805,2.7287,-1.009,3.1301
35.873,2.7239,-1.0086,3.0752
35.942,2.7195,-1.008,3.016
36.01,2.7121,-1.0073,2.9545
36.078,2.6998,-1.0051,2.8898
36.146,2.6868,-1.0006,2.8221
36.214,2.6778,-0.9967,2.7515
36.283,2.6642,-0.9916,2.6772
36.351,2.6451,-0.9808,2.6014
36.419,2.6317,-0.9715,2.523
36.487,2.6156,-0.9597,2.4422
36.573,2.5918,-0.9376,2.3365
36.642,2.5961,-0.9284,2.2523
36.71,2.6139,-0.9202,2.1676
36.778,2.6317,-0.9126,2.0842
36.848,2.6501,-0.9053,1.9995
36.915,2.6624,-0.8929,1.9166
36.983,2.644,-0.8399,1.8265
37.051,2.6292,-0.7688,1.735
37.119,2.6216,-0.7045,1.6426
37.187,2.6196,-0.6271,1.5514
37.255,2.6175,-0.5642,1.4618
37.323,2.6057,-0.5467,1.3765
37.408,2.5841,-0.5881,1.2763
37.476,2.5624,-0.6507,1.1991
37.544,2.538,-0.7077,1.1224
37.613,2.5189,-0.7444,1.0468
37.698,2.501,-0.7724,0.9498
37.767,2.4932,-0.7831,0.8726
37.868,2.5011,-0.7746,0.7601
37.937,2.504,-0.7724,0.6851
38.005,2.4867,-0.7856,0.6128
38.074,2.4714,-0.7954,0.5393
38.141,2.4834,-0.7855,0.4698
38.21,2.5012,-0.7771,0.4004
38.295,2.4922,-0.7845,0.3157
38.379,2.4577,-0.7943,0.2339
38.448,2.4583,-0.791,0.1706
38.532,2.4771,-0.7883,0.0929
38.6,2.4681,-0.7898,0.0316
38.668,2.4348,-0.7898,-0.027
38.736,2.4165,-0.79,-0.0851
38.804,2.4295,-0.7917,-0.1404
38.874,2.436,-0.7916,-0.1969
38.942,2.4088,-0.7831,-0.2506
39.01,2.3798,-0.7757,-0.3029
39.078,2.3834,-0.7802,-0.3526
39.147,2.3922,-0.7836,-0.4026
39.216,2.3747,-0.7713,-0.4494
39.284,2.3484,-0.7582,-0.4924
39.352,2.3497,-0.763,-0.5357
39.421,2.36,-0.7626,-0.5778
39.49,2.3698,-0.7619,-0.6182
39.558,2.3795,-0.7611,-0.6585
39.627,2.3888,-0.7602,-0.6976
39.696,2.3987,-0.7591,-0.7397
39.78,2.3756,-0.7321,-0.7913
39.865,2.3354,-0.6895,-0.8439
39.934,2.3341,-0.6873,-0.8827
40.019,2.3145,-0.6639,-0.9278
40.088,2.3033,-0.6461,-0.9612
40.172,2.2973,-0.6401,-0.9995
40.241,2.2774,-0.6087,-1.0278
40.309,2.2734,-0.5979,-1.0531
40.378,2.2643,-0.586,-1.077
40.446,2.247,-0.5528,-1.0982
40.515,2.2445,-0.543,-1.1167
40.583,2.2355,-0.5294,-1.1339
40.651,2.2203,-0.4959,-1.1485
40.72,2.2185,-0.4864,-1.1607
40.789,2.211,-0.4746,-1.1712
40.857,2.1973,-0.4415,-1.1796
40.928,2.1956,-0.4315,-1.1856
40.996,2.1901,-0.4231,-1.1901
41.065,2.1779,-0.3929,-1.1921
41.133,2.1763,-0.383,-1.192
41.201,2.1732,-0.3796,-1.1907
41.269,2.1625,-0.3538,-1.1868
41.337,2.1604,-0.3432,-1.1812
41.406,2.1601,-0.3451,-1.1742
41.473,2.1505,-0.3247,-1.1648
41.541,2.1478,-0.3137,-1.1541
41.609,2.1504,-0.3204,-1.1416
41.677,2.133,-0.2977,-1.1259
41.745,2.1086,-0.2461,-1.1058
41.813,2.0922,-0.2141,-1.0834
41.881,2.0664,-0.1695,-1.0595
41.949,2.0372,-0.1189,-1.0347
42.035,2.017,-0.0837,-1.0009
42.12,1.9849,-0.0372,-0.9647
42.187,1.958,0.0013,-0.9349
42.255,1.9448,0.0193,-0.9028
42.323,1.9211,0.0476,-0.869
42.391,1.8941,0.0786,-0.8348
42.46,1.8831,0.0907,-0.7983
42.527,1.8639,0.1097,-0.7601
42.595,1.8617,0.1195,-0.7216
42.663,1.873,0.1267,-0.6836
42.731,1.8843,0.1341,-0.6457
42.799,1.8955,0.1414,-0.6077
42.867,1.9067,0.1488,-0.5698
42.935,1.9175,0.1565,-0.5318
43.004,1.9049,0.1686,-0.4917
43.072,1.8961,0.1718,-0.4489
43.157,1.9017,0.1693,-0.3943
43.242,1.9044,0.1693,-0.3388
43.31,1.8938,0.1728,-0.293
43.379,1.8869,0.174,-0.2466
43.448,1.9031,0.1697,-0.1986
43.517,1.925,0.1658,-0.1495
43.586,1.9396,0.1644,-0.0993
43.654,1.9461,0.1638,-0.0488
43.738,1.9709,0.1634,0.0154
43.806,2.0085,0.1649,0.0684
43.874,2.0424,0.1676,0.1219
43.942,2.0651,0.1709,0.1768
44.01,2.095,0.178,0.232
44.078,2.1455,0.1915,0.2889
44.146,2.1968,0.2074,0.3463
44.215,2.233,0.2215,0.4054
44.283,2.2732,0.2405,0.4643
44.367,2.3473,0.2818,0.5408
44.435,2.4036,0.3171,0.6027
44.503,2.4493,0.3507,0.6658
44.571,2.4969,0.3906,0.7293
44.656,2.5665,0.4581,0.8108
44.742,2.6197,0.5185,0.895
44.81,2.6546,0.565,0.9621
44.878,2.6677,0.5885,1.029
44.947,2.6743,0.5988,1.0961
45.014,2.6979,0.6292,1.1657
45.082,2.7101,0.6497,1.2366
45.15,2.7264,0.6737,1.3095
45.218,2.7396,0.6943,1.384
45.286,2.7507,0.7143,1.4598
45.354,2.7551,0.758,1.5352
45.422,2.755,0.8168,1.6091
45.507,2.7471,0.9064,1.7034
45.577,2.7339,0.9831,1.7806
45.662,2.7127,1.0669,1.8766
45.73,2.6923,1.1237,1.9555
45.799,2.6633,1.1863,2.0356
45.884,2.6178,1.267,2.1351
45.952,2.5782,1.3245,2.2142
46.02,2.5312,1.3823,2.2928
46.105,2.472,1.4448,2.389
46.173,2.4359,1.4763,2.4638
46.242,2.3941,1.5092,2.5377
46.309,2.3213,1.5575,2.6084
46.378,2.2477,1.5962,2.6784
46.462,2.1916,1.6201,2.7618
46.53,2.1407,1.6417,2.8275
46.598,2.0729,1.6596,2.89
46.666,2.047,1.6711,2.9527
46.735,2.0164,1.6851,3.0131
46.819,1.9612,1.6949,3.0867
46.887,1.9139,1.6961,3.1467
46.955,1.8667,1.6944,3.2067
47.024,1.7949,1.686,3.2643
47.091,1.7075,1.6728,3.3203
47.159,1.6346,1.6607,3.375
47.228,1.5885,1.6485,3.4272
47.297,1.5452,1.6333,3.4795
47.365,1.4795,1.607,3.529
47.451,1.412,1.5802,3.5908
47.518,1.3958,1.5738,3.6387
47.586,1.3892,1.57,3.6857
47.654,1.3644,1.5515,3.7301
47.723,1.3363,1.532,3.774
47.791,1.3299,1.5302,3.8165
47.859,1.3419,1.5402,3.8562
47.928,1.3403,1.5377,3.8939
47.995,1.3297,1.5274,3.9303
48.08,1.3421,1.5406,3.9734
48.149,1.362,1.5632,4.006
48.217,1.3621,1.5642,4.0362
48.286,1.3631,1.5651,4.0655
48.354,1.3843,1.5922,4.0922
48.439,1.4014,1.6193,4.1231
48.507,1.408,1.6291,4.1457
48.577,1.4144,1.6394,4.1682
48.648,1.4263,1.6568,4.1898
48.715,1.4459,1.6916,4.2088
48.784,1.4501,1.7037,4.2254
48.851,1.4578,1.7142,4.2404
48.92,1.4747,1.7476,4.2531
48.989,1.4769,1.757,4.2632
49.074,1.486,1.7715,4.2734
49.142,1.4965,1.7967,4.2795
49.211,1.4946,1.7951,4.283
49.279,1.5,1.8026,4.2847
49.346,1.5065,1.8195,4.2848
49.431,1.5045,1.8139,4.2815
49.499,1.5103,1.8261,4.2786
49.585,1.5155,1.8375,4.2754
49.652,1.5097,1.8303,4.2727
49.72,1.4958,1.8005,4.2677
49.788,1.4925,1.7901,4.2602
49.856,1.4798,1.7689,4.2512
49.924,1.4612,1.7306,4.2401
49.992,1.452,1.7111,4.2267
50.06,1.4304,1.6747,4.2119
50.128,1.4214,1.645,4.1952
50.213,1.419,1.6472,4.1758
50.298,1.3746,1.5973,4.1555
50.367,1.3434,1.5495,4.1361
50.434,1.2987,1.4827,4.1146
50.502,1.2748,1.443,4.0906
50.587,1.2338,1.3843,4.0582
50.655,1.1944,1.3343,4.0275
50.724,1.1549,1.2859,3.9939
50.808,1.0986,1.224,3.9479
50.876,1.0488,1.1732,3.9058
50.945,0.9938,1.1221,3.8579
51.014,0.9438,1.0798,3.8068
51.082,0.8917,1.0369,3.7508
51.15,0.8366,0.9959,3.6906
51.218,0.7818,0.9589,3.6261
51.287,0.7252,0.9245,3.5563
51.357,0.6677,0.8952,3.4821
51.425,0.6096,0.8719,3.4048
51.492,0.5503,0.8547,3.3237
51.56,0.4893,0.8439,3.239
51.63,0.426,0.8397,3.1495
51.698,0.362,0.8426,3.0581
51.766,0.2953,0.8508,2.9614
51.834,0.23,0.8655,2.8634
51.904,0.1753,0.8819,2.7673
51.972,0.132,0.9007,2.6764
52.041,0.091,0.9236,2.5873
52.125,0.0432,0.9568,2.4822
52.194,0.0074,0.987,2.4019
52.262,-0.0261,1.02,2.3251
52.33,-0.0577,1.0562,2.2507
52.399,-0.0863,1.0943,2.1811
52.466,-0.1124,1.1344,2.115
52.534,-0.136,1.1763,2.0526
52.603,-0.1571,1.2198,1.9939
52.687,-0.1801,1.276,1.9256
52.755,-0.1926,1.3166,1.876
52.824,-0.199,1.3514,1.8308
52.893,-0.1993,1.3791,1.7912
52.961,-0.1961,1.398,1.7555
53.03,-0.191,1.4026,1.7239
53.099,-0.185,1.3941,1.6966
53.167,-0.1788,1.3736,1.6728
53.235,-0.1732,1.3445,1.6535
53.303,-0.1679,1.3072,1.6382
53.371,-0.1634,1.2641,1.6272
53.439,-0.1592,1.2156,1.6204
53.508,-0.1552,1.1612,1.6179
53.576,-0.1513,1.1024,1.6196
53.645,-0.1471,1.0386,1.6255
53.729,-0.141,0.9519,1.6389
53.797,-0.1352,0.8775,1.6544
53.865,-0.1287,0.8069,1.6734
53.933,-0.1213,0.742,1.696
54.001,-0.1132,0.6839,1.7221
54.07,-0.1046,0.6319,1.7521
54.138,-0.0958,0.588,1.7853
54.207,-0.0877,0.5531,1.8213
54.275,-0.08,0.5252,1.8614
54.343,-0.0743,0.5072,1.9049
54.445,-0.0706,0.4971,1.9766
54.512,-0.0727,0.5011,2.0288
54.581,-0.0798,0.5145,2.0843
54.648,-0.0938,0.5225,2.1415
54.717,-0.1088,0.5253,2.1985
54.801,-0.1274,0.5285,2.2696
54.87,-0.1421,0.5309,2.3266
54.938,-0.1566,0.5331,2.3835
55.005,-0.171,0.5351,2.4404
55.075,-0.1907,0.5423,2.4989
55.142,-0.2389,0.5773,2.5616
55.21,-0.2932,0.6113,2.6265
55.28,-0.3612,0.6463,2.694
55.348,-0.4168,0.6716,2.7624
55.416,-0.488,0.6967,2.8327
55.484,-0.5483,0.7142,2.905
55.57,-0.6333,0.7305,2.9994
55.638,-0.7046,0.7381,3.0768
55.722,-0.7891,0.7396,3.1774
55.791,-0.8578,0.7344,3.261
55.859,-0.9251,0.7234,3.3476
55.927,-0.9911,0.7065,3.4372
55.995,-1.0552,0.6839,3.5298
56.062,-1.1168,0.6553,3.6252
56.13,-1.1751,0.6216,3.7235
56.198,-1.2291,0.583,3.8251
56.267,-1.28,0.5378,3.9305
56.335,-1.3253,0.4884,4.04
56.419,-1.3745,0.4211,4.1811
56.487,-1.4116,0.3646,4.2889
56.556,-1.4444,0.3049,4.3916
56.624,-1.4688,0.242,4.4896
56.691,-1.4847,0.1746,4.5831
56.76,-1.4925,0.103,4.6723
56.845,-1.4916,0.0055,4.778
56.93,-1.4813,-0.1012,4.8772
56.998,-1.4654,-0.188,4.9519
57.082,-1.4356,-0.294,5.0395
57.151,-1.4049,-0.3764,5.1048
57.219,-1.3691,-0.4563,5.1658
57.303,-1.318,-0.5527,5.2359
57.372,-1.2727,-0.6269,5.2868
57.44,-1.224,-0.6985,5.3332
57.508,-1.1724,-0.7676,5.3749
57.575,-1.1289,-0.8247,5.4131
57.644,-1.1248,-0.8393,5.4512
57.712,-1.1295,-0.837,5.489
57.78,-1.1342,-0.8345,5.5267
57.847,-1.1182,-0.8511,5.5646
57.915,-1.073,-0.89,5.6008
57.984,-1.033,-0.9205,5.6317
58.052,-0.9993,-0.945,5.6579
58.137,-0.958,-0.9735,5.6844
58.205,-0.9224,-0.9963,5.7007
58.273,-0.8907,-1.0188,5.713
58.341,-0.8646,-1.0338,5.7219
58.409,-0.8255,-1.0597,5.7274
58.494,-0.791,-1.0814,5.7296
58.562,-0.7506,-1.1048,5.7283
58.629,-0.719,-1.1264,5.7238
58.697,-0.6748,-1.1527,5.7168
58.766,-0.639,-1.1774,5.7069
58.851,-0.5806,-1.2146,5.691
58.918,-0.535,-1.2473,5.6753
58.987,-0.4827,-1.2831,5.6573
59.055,-0.4345,-1.3199,5.6367
59.123,-0.3755,-1.3644,5.6143
59.191,-0.3286,-1.4031,5.5892
59.259,-0.268,-1.4544,5.5615
59.327,-0.2311,-1.4871,5.5322
59.395,-0.2279,-1.4935,5.5024
59.464,-0.2204,-1.51,5.471
59.532,-0.1975,-1.542,5.4359
59.601,-0.1931,-1.5561,5.3997
59.686,-0.1519,-1.6094,5.3562
59.754,-0.1074,-1.6697,5.32
59.822,-0.0655,-1.7335,5.2827
59.856,-0.0506,-1.7574,5.2631
