time,x,y,yaw,vx,vy,omega
0.0,0.009243190363001709,0.2775074277890295,2.197654659710293,0.0,0.0,0.0
0.0680074691772461,0.005332036424912026,0.2827418246152451,2.222786098856133,0.0,0.0,0.0
0.11931157112121582,0.002790543411751745,0.2859535880556699,2.2406153664513773,0.0,0.0,0.0
0.22128891944885254,-0.0036805570420889657,0.293727232849899,2.279115746542032,0.0,0.0,0.0
0.2731478214263916,-0.006889102652743079,0.2974121667599043,2.2992049981862617,0.0,0.0,0.0
0.30702829360961914,-0.008793211649345895,0.29947219467107145,2.311711429242518,0.0,0.0,0.0
0.3414466381072998,-0.01099558043762883,0.3018548610015741,2.3242688107645413,0.0,0.0,0.0
0.39198851585388184,-0.01425556724070108,0.305273500249744,2.3431462353944865,0.0,0.0,0.0
0.46009373664855957,-0.01856969124400195,0.30959170164489974,2.367311499097051,0.0,0.0,0.0
0.5123019218444824,-0.02213792978890375,0.3130411577371889,2.3856403883405406,0.0,0.0,0.0
0.546309232711792,-0.02461251124142294,0.31534940499001535,2.3978419708248055,0.0,0.0,0.0
0.5972046852111816,-0.02751949973720072,0.318034155113846,2.4138433945749638,0.0,0.0,0.0
0.6485319137573242,-0.03156139031159825,0.3215800825374056,2.4324252942099487,0.0,0.0,0.0
0.7001814842224121,-0.03512663315701823,0.3246955431329455,2.4516729724120796,0.0,0.0,0.0
0.7515418529510498,-0.039727513949820756,0.32839632800993834,2.471300639375922,0.0,0.0,0.0
0.8018503189086914,-0.042799884056164084,0.33087765693117144,2.4904000645490942,0.0,0.0,0.0
0.8356585502624512,-0.04559101857379616,0.3329690623376442,2.503483039029523,0.0,0.0,0.0
0.9730625152587891,-0.056331356684323916,0.34079936062494415,2.556156549204282,0.0,0.0,0.0
1.0067121982574463,-0.05914841438598463,0.3427000750519104,2.5690371006408372,0.0,0.0,0.0
1.0580756664276123,-0.06314563397704838,0.34530486690362855,2.5882284972940712,0.0,0.0,0.0
1.177260160446167,-0.07323806893873905,0.3515971041202954,2.6324519534853046,0.0,0.0,0.0
1.3328263759613037,-0.08686855266056352,0.3590620454457657,2.688488692599977,0.0,0.0,0.0
1.4841926097869873,-0.10048041852910614,0.3660648069333277,2.7445390446340356,0.0,0.0,0.0
1.5517888069152832,-0.10714001381214602,0.3688547825707216,2.7693066708141054,0.0,0.0,0.0
1.6370460987091064,-0.11522640699737428,0.37257248967928813,2.800091636038037,0.0,0.0,0.0
1.7048163414001465,-0.12319978902181182,0.37528777600465696,2.823930609138974,0.0,0.0,0.0
1.7730388641357422,-0.12983783312144817,0.37775584449206523,2.8478235165136407,0.0,0.0,0.0
1.8412902355194092,-0.13661448746087904,0.3801268056658053,2.871126994432857,0.0,0.0,0.0
1.8926379680633545,-0.14162444305624675,0.3814138178728827,2.8887976915670768,0.0,0.0,0.0
2.0624351501464844,-0.15949804917173774,0.38629594290334596,2.9476615151250787,0.0,0.0,0.0
2.200092315673828,-0.17149944987246019,0.3891525392962951,2.9930808506293127,0.0,0.0,0.0
2.2679924964904785,-0.17961786489025272,0.39076435125139075,3.0151364973413366,0.0,0.0,0.0
2.3359718322753906,-0.18416341533123703,0.3915585214766036,3.0370004467912466,0.0,0.0,0.0
2.3873684406280518,-0.19027635592651765,0.3922349473275701,3.053151218310631,0.0,0.0,0.0
2.4565274715423584,-0.19706813798810596,0.3934203502255958,3.075325348782355,0.0,0.0,0.0
2.540980100631714,-0.20744131177891198,0.3944377910416249,3.1024333030024134,0.0,0.0,0.0
2.6101951599121094,-0.21532598695768548,0.3950745005337354,3.12513000566479,0.0,0.0,0.0
2.6613197326660156,-0.2198260301705092,0.39511741795587735,3.139983366643676,0.0,0.0,0.0
2.7290103435516357,-0.2275856138135635,0.3955587209281279,-3.1207177134957447,0.0,0.0,0.0
2.7799129486083984,-0.23254681480752062,0.39537817492328886,-3.1031656242624366,0.0,0.0,0.0
2.916168689727783,-0.24901722186474967,0.3948678696798494,-3.056905403140529,0.0,0.0,0.0
2.9502830505371094,-0.25297103552243977,0.39459191294614765,-3.044842386572297,0.0,0.0,0.0
2.984083890914917,-0.25685514377024693,0.3942974904230099,-3.0327586754301077,0.0,0.0,0.0
3.05552339553833,-0.524533863195469,0.30539350450822933,-2.6566041634367394,0.0,0.0,0.0
3.1235671043395996,-0.5370443058030917,0.2986698290124496,-2.6407015983255016,0.0,0.0,0.0
3.208204746246338,-0.5446544725053241,0.2962247926147817,-2.621180024913324,0.0,0.0,0.0
3.259382963180542,-0.5368693379875511,0.3016061643193292,-2.6101131979723045,0.0,0.0,0.0
3.2939844131469727,-0.5323200643370053,0.3046124705833408,-2.603213848507816,0.0,0.0,0.0
3.3451943397521973,-0.524661886351774,0.3097687608374951,-2.593132957800572,0.0,0.0,0.0
3.4811177253723145,-0.5027899615115993,0.32174216209843354,-2.5659456890808006,0.0,0.0,0.0
3.5682873725891113,-0.4952029511305263,0.32718761826115556,-2.5491651005429934,0.0,0.0,0.0
3.670194149017334,-0.4909362792182782,0.3305205901800559,-2.5305392707939975,0.0,0.0,0.0
3.7391197681427,-0.49380735593785163,0.3294792526038695,-2.519163613065715,0.0,0.0,0.0
3.77311110496521,-0.49944889333993653,0.3266082809311985,-2.5133732913345033,0.0,0.0,0.0
3.8071722984313965,-0.5050777988903705,0.32374989850761604,-2.507581803341265,0.0,0.0,0.0
3.927184581756592,-0.5072327145986778,0.3236647412052437,-2.4899923405521673,0.0,0.0,0.0
3.9794018268585205,-0.5069988637874691,0.32438671697577837,-2.483890261329797,0.0,0.0,0.0
4.048454284667969,-0.506547541780898,0.32558652872667454,-2.476118391096368,0.0,0.0,0.0
4.134223937988281,-0.5077427400299284,0.32549705775325266,-2.4667698256598642,0.0,0.0,0.0
4.219220399856567,-0.5082111005332259,0.32625906189941345,-2.457901508425774,0.0,0.0,0.0
4.270472288131714,-0.50934495263651,0.3258943642488326,-2.452607414675162,0.0,0.0,0.0
4.339560031890869,-0.5064162632775564,0.32843443576628545,-2.4462003336255473,0.0,0.0,0.0
4.390343427658081,-0.5097580287794763,0.3255236320713531,-2.4419449496624908,0.0,0.0,0.0
4.475332021713257,-0.5168571226466746,0.3199606675534411,-2.4353938529732844,0.0,0.0,0.0
4.594187498092651,-0.5274073555379934,0.3115438602512572,-2.428758471072666,0.0,0.0,0.0
4.646577835083008,-0.5322395852513591,0.30770762402622265,-2.426543030324686,0.0,0.0,0.0
4.731560945510864,-0.5467526375182018,0.3009195715216209,-2.4224927009343613,0.0,0.0,0.0
4.799612760543823,-0.5563515884915795,0.2962441748824032,-2.4191805534198934,0.0,0.0,0.0
4.918701171875,-0.566045151757312,0.2884207753815268,-2.4113373986238993,0.0,0.0,0.0
4.952472925186157,-0.5673144976986544,0.2876313612185888,-2.4087614671487456,0.0,0.0,0.0
5.00334095954895,-0.57203268343727,0.28359902500862016,-2.403788911268118,0.0,0.0,0.0
5.054518222808838,-0.5771937745360086,0.27910427981979125,-2.3982006965870113,0.0,0.0,0.0
5.105506181716919,-0.5827655930437943,0.2740873322379569,-2.3920752440684607,0.0,0.0,0.0
5.139291524887085,-0.5867688291097508,0.27041351789555357,-2.387905894217176,0.0,0.0,0.0
5.19035267829895,-0.5919723418498095,0.2656316428040553,-2.381424591986251,0.0,0.0,0.0
5.224323749542236,-0.5953535755715598,0.2624680963484879,-2.3766644483328556,0.0,0.0,0.0
5.2760009765625,-0.6003730737725629,0.25771246266235215,-2.369134524693627,0.0,0.0,0.0
5.344671964645386,-0.607114880723101,0.25114072046056884,-2.358668306465845,0.0,0.0,0.0
5.498070240020752,-0.6227119232835796,0.2351371634168849,-2.3310141880290964,0.0,0.0,0.0
5.565866231918335,-0.6293085429797785,0.22799065434490648,-2.317292455806766,0.0,0.0,0.0
5.720115900039673,-0.6455844307223226,0.2122816846503086,-2.2838661995932648,0.0,0.0,0.0
5.770793914794922,-0.6535136985637088,0.20758415458356042,-2.272345721159896,0.0,0.0,0.0
5.855898857116699,-0.6645214566218499,0.1999440908996458,-2.252656244980603,0.0,0.0,0.0
5.924213409423828,-0.6707448410333403,0.19158029827222697,-2.2359914960990075,0.0,0.0,0.0
5.958364725112915,-0.6737115863525136,0.18747498536307292,-2.2272232003055508,0.0,0.0,0.0
5.991698503494263,-0.6764715711554025,0.18343469906711157,-2.218624092091584,0.0,0.0,0.0
6.04283595085144,-0.6819427792384356,0.17554997370268305,-2.2055756289011876,0.0,0.0,0.0
6.076791763305664,-0.6850447765475984,0.1709364040027667,-2.1969991296279785,0.0,0.0,0.0
6.1277174949646,-0.6897348913341651,0.1638510749891579,-2.183987193235119,0.0,0.0,0.0
6.213371753692627,-0.6969344787935253,0.15234287216542874,-2.163307366538074,0.0,0.0,0.0
6.2644147872924805,-0.7013719212730287,0.14492945809242866,-2.1501583323783344,0.0,0.0,0.0
6.3154826164245605,-0.705089133707995,0.13803693191837607,-2.1367910164840995,0.0,0.0,0.0
6.417588710784912,-0.7129994556543993,0.12303849136704703,-2.1077667147936485,0.0,0.0,0.0
6.468402862548828,-0.7166697655228537,0.11542364704456333,-2.0926714964967514,0.0,0.0,0.0
6.537812232971191,-0.7205577354053886,0.10581588325898342,-2.0719782422419306,0.0,0.0,0.0
6.571738958358765,-0.7213010480302993,0.10207942434073407,-2.061739021067705,0.0,0.0,0.0
6.673504829406738,-0.7189996018412121,0.09616782620582023,-2.031029234418567,0.0,0.0,0.0
6.707767724990845,-0.7179964375842208,0.09540333070501905,-2.02083068855014,0.0,0.0,0.0
6.758821725845337,-0.7245134870688177,0.0910939379542862,-2.0054743925237135,0.0,0.0,0.0
6.792816638946533,-0.7291234714135699,0.0881695196667156,-1.9950195593278113,0.0,0.0,0.0
6.861097812652588,-0.7354083278070317,0.08052343402501079,-1.9742142280273394,0.0,0.0,0.0
6.911938905715942,-0.7387021947005791,0.07092940147456174,-1.9586492022275845,0.0,0.0,0.0
6.9629316329956055,-0.7422448648774022,0.060230955236170225,-1.9435854160884962,0.0,0.0,0.0
7.099075555801392,-0.7503701006792295,0.030247728506911167,-1.9037390476568163,0.0,0.0,0.0
7.16718316078186,-0.7537743835621844,0.015469837353262706,-1.8840703468085087,0.0,0.0,0.0
7.269157409667969,-0.7584007489339601,-0.00708089047182517,-1.8539587209375925,0.0,0.0,0.0
7.320383787155151,-0.7595454983413272,-0.01756127483164099,-1.8388954089039584,0.0,0.0,0.0
7.37095308303833,-0.761109891700633,-0.028580207335382277,-1.8247250678586064,0.0,0.0,0.0
7.474363088607788,-0.7640221091239731,-0.05151093050765865,-1.7961796335161386,0.0,0.0,0.0
7.541976690292358,-0.7693095707127354,-0.06319961345627152,-1.7773079068775803,0.0,0.0,0.0
7.610263109207153,-0.7765872506385896,-0.06912362709098097,-1.7580207550847256,0.0,0.0,0.0
7.697516202926636,-0.7781840092277573,-0.0851637516389639,-1.731984646829365,0.0,0.0,0.0
7.850831508636475,-0.7791266845672217,-0.1191618182103248,-1.685862847059694,0.0,0.0,0.0
7.901916980743408,-0.7791267574397425,-0.13046857980239623,-1.6704986284704046,0.0,0.0,0.0
8.03877878189087,-0.779354461311375,-0.16170070398684877,-1.6306061495362152,0.0,0.0,0.0
8.174504280090332,-0.7845943405916505,-0.18845594710369176,-1.5932717555971536,0.0,0.0,0.0
8.260204553604126,-0.7852507440990546,-0.20506652840587955,-1.5696085559722552,0.0,0.0,0.0
8.397771835327148,-0.7864516441778037,-0.2304298072229982,-1.5312192968247258,0.0,0.0,0.0
8.55138635635376,-0.7870186738237821,-0.2512363451801038,-1.4853033888257277,0.0,0.0,0.0
8.653487920761108,-0.787441091569281,-0.2566469760787909,-1.4518936906891604,0.0,0.0,0.0
8.687495946884155,-0.7891335810587805,-0.26036822485060707,-1.4403670889568303,0.0,0.0,0.0
8.739771842956543,-0.7893394244214915,-0.2669836335197977,-1.4223322173461574,0.0,0.0,0.0
8.892637014389038,-0.7923332978754707,-0.2855381492355333,-1.3677691780664984,0.0,0.0,0.0
8.960723161697388,-0.7913182689281111,-0.29592011556431713,-1.3439371517169638,0.0,0.0,0.0
9.046590566635132,-0.7928177006740126,-0.3091342582751607,-1.3138128986210103,0.0,0.0,0.0
9.08070707321167,-0.7928403304709121,-0.314634189391147,-1.3020190160150296,0.0,0.0,0.0
9.165933847427368,-0.7952390219471319,-0.3269365111746109,-1.2740625980346743,0.0,0.0,0.0
9.199268579483032,-0.7971411114470489,-0.3307465905778689,-1.2630006890372878,0.0,0.0,0.0
9.28459358215332,-0.7956792717715725,-0.3465486418802919,-1.2353120154710469,0.0,0.0,0.0
9.336608409881592,-0.7945642614409626,-0.3568274459716424,-1.2183255571950877,0.0,0.0,0.0
9.43906283378601,-0.7934301093630662,-0.3767351567483953,-1.184578556058906,0.0,0.0,0.0
9.506393432617188,-0.7913037485278666,-0.3902943706057248,-1.162347780219022,0.0,0.0,0.0
9.57496976852417,-0.7885746158472215,-0.40438173515190134,-1.1388544196249681,0.0,0.0,0.0
9.693647623062134,-0.7856806271249945,-0.42735621201896346,-1.0969660323338113,0.0,0.0,0.0
9.778555870056152,-0.7809453547819518,-0.44362209937003555,-1.0670256592645067,0.0,0.0,0.0
9.81409239768982,-0.7821785835386594,-0.44847023180491125,-1.0542418824610769,0.0,0.0,0.0
9.881652116775513,-0.7782570356571985,-0.46291590841366376,-1.0309197502787515,0.0,0.0,0.0
10.03468132019043,-0.7793047601717942,-0.47702832471804874,-0.9807915510123268,0.0,0.0,0.0
10.069066524505615,-0.7838491634107198,-0.4757885918034975,-0.9697379600989787,0.0,0.0,0.0
10.119678020477295,-0.7903281488386142,-0.474268377043288,-0.9531622406837627,0.0,0.0,0.0
10.289608478546143,-0.791141003783278,-0.49861163277350606,-0.898150421444381,0.0,0.0,0.0
10.42569637298584,-0.7702466900316284,-0.5269956858551479,-0.8561646709616991,0.0,0.0,0.0
10.459784746170044,-0.7650867470050624,-0.533345517061605,-0.8457582684725482,0.0,0.0,0.0
10.595979928970337,-0.7506984780771714,-0.5573351955902531,-0.8047684055597252,0.0,0.0,0.0
10.680588245391846,-0.7508333128580542,-0.5708122736929415,-0.7784531390057552,0.0,0.0,0.0
10.74870753288269,-0.7456314278026966,-0.5831235624192794,-0.7564046045593995,0.0,0.0,0.0
10.78377366065979,-0.741210550520529,-0.5892626608777674,-0.7451748293639637,0.0,0.0,0.0
10.817745208740234,-0.7408346484179634,-0.5942711467593966,-0.7340902895868001,0.0,0.0,0.0
10.885573625564575,-0.7391079251697675,-0.6053561974344245,-0.7117249631712846,0.0,0.0,0.0
11.02214002609253,-0.7219256962839858,-0.6301942112481232,-0.6682170941329107,0.0,0.0,0.0
11.089901685714722,-0.7176251394591272,-0.641237344238234,-0.647292499062295,0.0,0.0,0.0
11.175577878952026,-0.7078013450963402,-0.6542324138688117,-0.6216889183443699,0.0,0.0,0.0
11.22664499282837,-0.6988847916051812,-0.6620601766905233,-0.6080153043502263,0.0,0.0,0.0
11.294846057891846,-0.6964308494171471,-0.6713810237295865,-0.5903613694179184,0.0,0.0,0.0
11.447813987731934,-0.6984537471710552,-0.6869092001495782,-0.5520017109975061,0.0,0.0,0.0
11.515780687332153,-0.6908055339384201,-0.695069300601546,-0.5352951566837365,0.0,0.0,0.0
11.617812395095825,-0.6823336998345596,-0.7098206048473207,-0.5100719182819267,0.0,0.0,0.0
11.65176796913147,-0.6795565021893554,-0.7142504264703964,-0.5017657363873397,0.0,0.0,0.0
11.805662631988525,-0.6522561659481576,-0.7324342348796419,-0.46573106053181385,0.0,0.0,0.0
11.942033290863037,-0.6385688428175562,-0.748693843380119,-0.4338870924022777,0.0,0.0,0.0
11.976140022277832,-0.6345160103414522,-0.7530388020009499,-0.4256661628489872,0.0,0.0,0.0
12.009788274765015,-0.6328997545432592,-0.7573544530524343,-0.4170075562923044,0.0,0.0,0.0
12.16338849067688,-0.6233325999877869,-0.7681908591875217,-0.37854878974999095,0.0,0.0,0.0
12.298956394195557,-0.6119840547934896,-0.7813768755359519,-0.3443136115689369,0.0,0.0,0.0
12.386202335357666,-0.5913148688555737,-0.7871907221136529,-0.32389956513724005,0.0,0.0,0.0
12.419781923294067,-0.5831437885102758,-0.788968789733713,-0.31591210957608956,0.0,0.0,0.0
12.555731058120728,-0.5649496508837265,-0.8003144948126342,-0.2853423869232402,0.0,0.0,0.0
12.589623212814331,-0.5604149379640839,-0.8002366437948087,-0.2775577784661811,0.0,0.0,0.0
12.67573356628418,-0.5443950390671399,-0.801650167981389,-0.2580725942928049,0.0,0.0,0.0
12.726718664169312,-0.5349640640566314,-0.8016954949722683,-0.2465808706586621,0.0,0.0,0.0
12.79451847076416,-0.5214934976451426,-0.8027018445732116,-0.23147854585788097,0.0,0.0,0.0
12.930540323257446,-0.5127214870200568,-0.8095353695674785,-0.20047888218678636,0.0,0.0,0.0
12.982001781463623,-0.5111018463520055,-0.8094822872882051,-0.18845950385586396,0.0,0.0,0.0
13.050051212310791,-0.5039187484109218,-0.8099637341835269,-0.1727438434033362,0.0,0.0,0.0
13.083972215652466,-0.49919565241312897,-0.8098386281346213,-0.16478676596090794,0.0,0.0,0.0
13.135124206542969,-0.48971604477436914,-0.8102821287009849,-0.15305542405722414,0.0,0.0,0.0
13.186044692993164,-0.4837206160205151,-0.8143165882167841,-0.1412048474248548,0.0,0.0,0.0
13.221036434173584,-0.48055250766345925,-0.8154872936717381,-0.13266025939059264,0.0,0.0,0.0
13.340123176574707,-0.4620007004886945,-0.8151085515523231,-0.10428638259966402,0.0,0.0,0.0
